MAE,RMSE,SMAPE,MBE,R²
3.4238276,4.3266134,53.688725,-1.0769502,0.7211710214614868
